지자체명,행정코드,청년인구,전체인구,청년비율
서울특별시 종로구,11010,32508,135582,0.23976634066469
서울특별시 중구,11020,28541,115067,0.24803809954200595
서울특별시 용산구,11030,50398,207039,0.24342273677906096
서울특별시 성동구,11040,68459,277120,0.24703738452655888
서울특별시 광진구,11050,90894,328366,0.2768069775798956
서울특별시 동대문구,11060,82289,325598,0.25273189638756993
서울특별시 중랑구,11070,82754,374271,0.22110716566338295
서울특별시 성북구,11080,98104,416155,0.23573908759957227
서울특별시 강북구,11090,60049,290437,0.20675396041138008
서울특별시 도봉구,11100,61053,308747,0.19774443152484072
서울특별시 노원구,11110,101929,497776,0.2047688116743274
서울특별시 은평구,11120,94853,450207,0.21068752818148095
서울특별시 서대문구,11130,73908,296599,0.249184926449516
서울특별시 마포구,11140,92444,349648,0.2643916167116643
서울특별시 양천구,11150,82643,429197,0.19255260404895655
서울특별시 강서구,11160,132450,551415,0.24020021218138787
서울특별시 구로구,11170,83813,386742,0.21671553645582844
서울특별시 금천구,11180,54388,220503,0.24665424053187485
서울특별시 영등포구,11190,90749,352157,0.2576947213884716
서울특별시 동작구,11200,97531,371853,0.2622837519127182
서울특별시 관악구,11210,155403,470469,0.3303150685805016
서울특별시 서초구,11220,79637,390747,0.20380706697684178
서울특별시 강남구,11230,105423,494125,0.21335289653427778
서울특별시 송파구,11240,141293,626201,0.22563521936247308
서울특별시 강동구,11250,91654,432784,0.21177769973011942
부산광역시 중구,21010,7419,38107,0.1946886398824363
부산광역시 서구,21020,18769,99811,0.1880454058169941
부산광역시 동구,21030,15087,82785,0.1822431599927523
부산광역시 영도구,21040,17937,107650,0.16662331630283325
부산광역시 부산진구,21050,74612,339749,0.21960918207264774
부산광역시 동래구,21060,46140,256518,0.17987041845016724
부산광역시 남구,21070,49275,256065,0.19243160916173627
부산광역시 북구,21080,52201,272055,0.19187664259065262
부산광역시 해운대구,21090,65903,378404,0.1741604211371973
부산광역시 사하구,21100,56570,297531,0.1901314484877206
부산광역시 금정구,21110,47935,223401,0.2145693170576676
부산광역시 강서구,21120,22280,129247,0.17238311140684118
부산광역시 연제구,21130,38046,199216,0.19097863625411612
부산광역시 수영구,21140,34384,165759,0.20743368384220465
부산광역시 사상구,21150,42124,204346,0.20614056551143647
부산광역시 기장군,21310,25138,163172,0.15405829431520113
대구광역시 중구,22010,16543,71890,0.23011545416608709
대구광역시 동구,22020,60233,325031,0.1853146315274543
대구광역시 서구,22030,29803,163232,0.18258062144677514
대구광역시 남구,22040,28707,139098,0.20637967476167882
대구광역시 북구,22050,90052,428130,0.2103379814542312
대구광역시 수성구,22060,70636,403427,0.17508991713494634
대구광역시 달서구,22070,110417,543177,0.2032799621486182
대구광역시 달성군,22310,46179,247178,0.18682487923682528
인천광역시 중구,23010,27150,129825,0.20912767186597342
인천광역시 동구,23020,9407,59346,0.15851110437097699
인천광역시 연수구,23040,74613,366201,0.2037487609263765
인천광역시 남동구,23050,100102,504424,0.1984481309374653
인천광역시 부평구,23060,99328,473608,0.20972618705765106
인천광역시 계양구,23070,60570,282902,0.21410241002184502
인천광역시 서구,23080,103761,517628,0.20045476674368465
인천광역시 미추홀구,23090,83815,385236,0.2175679323843047
인천광역시 강화군,23310,6858,61898,0.11079517916572426
인천광역시 옹진군,23320,2165,17281,0.12528210173022394
광주광역시 동구,24010,22731,99496,0.22846144568625876
광주광역시 서구,24020,59822,287381,0.20816268298878493
광주광역시 남구,24030,38716,207417,0.18665779564837984
광주광역시 북구,24040,88828,419799,0.21159650213554582
광주광역시 광산구,24050,83535,395885,0.21100824734455714
대전광역시 동구,25010,48881,219261,0.22293522331832838
대전광역시 중구,25020,42348,223981,0.18906960858287086
대전광역시 서구,25030,106675,465059,0.2293794980851892
대전광역시 유성구,25040,84640,346950,0.24395446029687276
대전광역시 대덕구,25050,34811,169572,0.20528742952845988
울산광역시 중구,26010,36589,208140,0.1757903334294225
울산광역시 남구,26020,63606,306729,0.207368719618947
울산광역시 동구,26030,25518,149795,0.17035281551453654
울산광역시 북구,26040,39849,209272,0.19041725601131543
울산광역시 울주군,26310,36392,209056,0.17407775906934028
세종특별자치시,29010,65539,340173,0.19266373286533617
경기도 수원시 장안구,31011,57104,260119,0.21953029190485893
경기도 수원시 권선구,31012,79885,354932,0.22507128125950887
경기도 수원시 팔달구,31013,39633,164863,0.24039960452011672
경기도 수원시 영통구,31014,87468,354488,0.24674460066349213
경기도 성남시 수정구,31021,50674,230064,0.22026044926629113
경기도 성남시 중원구,31022,44922,204660,0.21949574904720023
경기도 성남시 분당구,31023,92179,450862,0.20445058576682001
경기도 의정부시,31030,87235,434646,0.2007035610588847
경기도 안양시 만안구,31041,49096,228634,0.21473621596088072
경기도 안양시 동안구,31042,61713,295750,0.20866610312764158
경기도 부천시,31050,168487,782874,0.21521598622511412
경기도 광명시,31060,55878,287348,0.19446107159263332
경기도 평택시,31070,105221,503046,0.2091677500665943
경기도 동두천시,31080,15246,87373,0.17449326450963112
경기도 안산시 상록구,31091,77971,333869,0.2335377049082125
경기도 안산시 단원구,31092,67835,293003,0.23151640085596392
경기도 고양시 덕양구,31101,87969,447413,0.19661699592993498
경기도 고양시 일산동구,31103,58463,278183,0.2101602182735825
경기도 고양시 일산서구,31104,55181,283268,0.19480138949687223
경기도 과천시,31110,11442,56743,0.20164601801103219
경기도 구리시,31120,37859,187367,0.2020579931364648
경기도 남양주시,31130,115419,673308,0.17142080593131226
경기도 오산시,31140,48008,222130,0.21612569216224733
경기도 시흥시,31150,101151,477546,0.21181414984106242
경기도 군포시,31160,54835,261764,0.20948258736877493
경기도 의왕시,31170,33073,155654,0.21247767484292085
경기도 하남시,31180,53959,273722,0.19713066541965937
경기도 용인시 처인구,31191,49248,243036,0.2026366464227522
경기도 용인시 기흥구,31192,78091,417305,0.1871317142138244
경기도 용인시 수지구,31193,66128,354816,0.18637265512265513
경기도 파주시,31200,79603,432457,0.18407147993904596
경기도 이천시,31210,41040,203952,0.20122381736879266
경기도 안성시,31220,33526,177684,0.18868328043042706
경기도 김포시,31230,76176,443965,0.17158109310418615
경기도 화성시,31240,164439,815805,0.20156655083016162
경기도 광주시,31250,66337,361602,0.18345307824624862
경기도 양주시,31260,38418,216566,0.1773962671887554
경기도 포천시,31270,23355,135910,0.1718416599220072
경기도 여주시,31280,16685,103711,0.16087975238884977
경기도 연천군,31350,6404,39684,0.1613748614051003
경기도 가평군,31370,8078,55874,0.14457529441242797
경기도 양평군,31380,13714,107485,0.12758989626459505
강원도 춘천시,32010,53094,269567,0.19696031042375364
강원도 원주시,32020,65650,339476,0.19338627767500502
강원도 강릉시,32030,38228,207831,0.18393791109122315
강원도 동해시,32040,11681,84776,0.13778663772765878
강원도 태백시,32050,4691,39820,0.11780512305374184
강원도 속초시,32060,12075,77706,0.15539340591460118
강원도 삼척시,32070,10279,62456,0.16457986422441398
강원도 홍천군,32310,8592,63371,0.1355825219737735
강원도 횡성군,32320,4735,42198,0.11220910943646618
강원도 영월군,32330,3716,34669,0.10718509331102714
강원도 평창군,32340,4130,37937,0.1088646967340591
강원도 정선군,32350,3573,33253,0.10744895197425797
강원도 철원군,32360,6284,40044,0.15692737988212965
강원도 화천군,32370,4033,21818,0.1848473737281144
강원도 양구군,32380,3397,19722,0.17224419430078086
강원도 인제군,32390,4428,28334,0.15627867579586363
강원도 고성군,32400,3274,24044,0.13616702711695225
강원도 양양군,32410,3034,25673,0.1181786312468352
충청북도 충주시,33020,37037,202691,0.18272641607175455
충청북도 제천시,33030,21244,127752,0.16629093869371908
충청북도 청주시 상당구,33041,32737,179244,0.18263930731293657
충청북도 청주시 서원구,33042,41855,191741,0.21828925477597383
충청북도 청주시 흥덕구,33043,59852,255137,0.23458769210267424
충청북도 청주시 청원구,33044,40303,187209,0.21528345325278164
충청북도 보은군,33320,3049,29820,0.1022468142186452
충청북도 옥천군,33330,5665,46292,0.122375356433077
충청북도 영동군,33340,5782,44191,0.1308411214953271
충청북도 진천군,33350,13784,79001,0.17447880406577132
충청북도 괴산군,33360,4499,35161,0.12795426751230057
충청북도 음성군,33370,13680,85441,0.16011048559824909
충청북도 단양군,33380,2711,26165,0.10361169501242118
충청북도 증평군,33390,6555,35245,0.18598382749326145
충청남도 천안시 동남구,34011,55340,253105,0.21864443610359338
충청남도 천안시 서북구,34012,95345,386128,0.24692588986035718
충청남도 공주시,34020,16696,98780,0.16902206924478638
충청남도 보령시,34030,12758,93369,0.13664064089794256
충청남도 아산시,34040,56355,302417,0.1863486510348294
충청남도 서산시,34050,27958,166754,0.16766014608345228
충청남도 논산시,34060,16296,108517,0.15017001944395808
충청남도 계룡시,34070,5851,39752,0.1471875628899175
충청남도 당진시,34080,25264,157012,0.16090489898861232
충청남도 금산군,34310,6428,48469,0.13262085044048774
충청남도 부여군,34330,6801,60083,0.11319341577484479
충청남도 서천군,34340,5038,47559,0.10593157972202948
충청남도 청양군,34350,3266,28432,0.11487056837366348
충청남도 홍성군,34360,14948,95549,0.15644329087693226
충청남도 예산군,34370,9284,72748,0.1276186286908231
충청남도 태안군,34380,6825,57908,0.11785936312771983
전라북도 전주시 완산구,35011,66958,325822,0.20550484620436926
전라북도 전주시 덕진구,35012,64521,308573,0.20909476849886413
전라북도 군산시,35020,42271,253208,0.1669418027866418
전라북도 익산시,35030,51350,267733,0.19179555751438934
전라북도 정읍시,35040,13184,99560,0.13242265970269185
전라북도 남원시,35050,9531,74465,0.12799301685355535
전라북도 김제시,35060,9411,74722,0.12594684296458875
전라북도 완주군,35310,14112,86160,0.1637883008356546
전라북도 진안군,35320,2278,22432,0.10155135520684735
전라북도 무주군,35330,2232,21873,0.10204361541626664
전라북도 장수군,35340,2150,20062,0.10716777988236467
전라북도 임실군,35350,3121,25050,0.12459081836327346
전라북도 순창군,35360,2557,25151,0.10166593773607412
전라북도 고창군,35370,5160,49204,0.10486952280302414
전라북도 부안군,35380,5270,47108,0.11187059522798676
전라남도 목포시,36010,36562,214491,0.17045936659347014
전라남도 여수시,36020,42786,259115,0.1651235937711055
전라남도 순천시,36030,47699,261869,0.18214832607143266
전라남도 나주시,36040,17390,104152,0.16696750902527077
전라남도 광양시,36060,24020,138209,0.17379476010968894
전라남도 담양군,36310,5067,39499,0.12828172865135826
전라남도 곡성군,36320,2933,25151,0.11661564152518787
전라남도 구례군,36330,2165,22688,0.09542489421720733
전라남도 고흥군,36350,4834,57508,0.08405787020936217
전라남도 보성군,36360,3539,35659,0.09924563223870551
전라남도 화순군,36370,7796,55502,0.140463406724082
전라남도 장흥군,36380,3646,33755,0.10801362761072433
전라남도 강진군,36390,3452,31036,0.1112256734115221
전라남도 해남군,36400,6790,61222,0.11090784358563915
전라남도 영암군,36410,6901,49408,0.13967373704663213
전라남도 무안군,36420,13608,78997,0.17225970606478727
전라남도 함평군,36430,2800,27708,0.10105384726432799
전라남도 영광군,36440,6208,47047,0.131953153229749
전라남도 장성군,36450,4625,37880,0.1220960929250264
전라남도 완도군,36460,4660,44852,0.10389726210648355
전라남도 진도군,36470,2940,27148,0.10829527036982467
전라남도 신안군,36480,3030,33062,0.09164599842719738
경상북도 포항시 남구,37011,33996,217444,0.15634370228656574
경상북도 포항시 북구,37012,41838,258796,0.16166401335414768
경상북도 경주시,37020,39021,240040,0.16256040659890017
경상북도 김천시,37030,20080,130514,0.15385322647378824
경상북도 안동시,37040,23795,150382,0.15823037331595538
경상북도 구미시,37050,82854,397907,0.2082245348787531
경상북도 영주시,37060,13130,97646,0.1344653134793028
경상북도 영천시,37070,13323,93551,0.14241429808339837
경상북도 상주시,37080,11319,91046,0.12432177141225315
경상북도 문경시,37090,7278,64827,0.11226803646628719
경상북도 경산시,37100,56492,257499,0.21938725975634857
경상북도 군위군,37310,1946,20918,0.09302992637919495
경상북도 의성군,37320,4120,46960,0.08773424190800681
경상북도 청송군,37330,2261,22961,0.09847132093549933
경상북도 영양군,37340,1295,15257,0.0848790719014223
경상북도 영덕군,37350,2962,33150,0.08935143288084464
경상북도 청도군,37360,3520,38110,0.09236420886906324
경상북도 고령군,37370,2991,28420,0.10524278676988037
경상북도 성주군,37380,4387,38285,0.11458795873057333
경상북도 칠곡군,37390,17910,106986,0.16740508103864057
경상북도 예천군,37400,5883,51583,0.11404920225655739
경상북도 봉화군,37410,2456,28469,0.08626927535213741
경상북도 울진군,37420,5415,44266,0.12232864952785434
경상북도 울릉군,37430,956,8024,0.11914257228315055
경상남도 진주시,38030,65097,335708,0.19390958809441539
경상남도 통영시,38050,15207,120819,0.12586596479030615
경상남도 사천시,38060,14160,103015,0.13745571033344658
경상남도 김해시,38070,95602,515088,0.18560323672848134
경상남도 밀양시,38080,12047,96523,0.12480963086518239
경상남도 거제시,38090,35302,232810,0.15163437996649629
경상남도 양산시,38100,58738,334087,0.17581647894111413
경상남도 창원시 의창구,38111,49816,250456,0.19890120420353274
경상남도 창원시 성산구,38112,43209,204115,0.21168948876858634
경상남도 창원시 마산합포구,38113,26024,163743,0.1589319848787429
경상남도 창원시 마산회원구,38114,30901,182337,0.1694719118993951
경상남도 창원시 진해구,38115,29536,183113,0.16129930698530415
경상남도 의령군,38310,2454,23996,0.1022670445074179
경상남도 함안군,38320,7268,59055,0.12307171281009228
경상남도 창녕군,38330,6455,55729,0.11582838378582067
경상남도 고성군,38340,4727,46377,0.10192552342756107
경상남도 남해군,38350,3625,38951,0.09306564658160253
경상남도 하동군,38360,3978,40028,0.09938043369641252
경상남도 산청군,38370,2864,31082,0.09214336271797181
경상남도 함양군,38380,3551,35371,0.10039297729778632
경상남도 거창군,38390,7003,56297,0.12439383981384443
경상남도 합천군,38400,3598,39413,0.09128967599523
제주특별자치도 제주시,39010,86400,465307,0.1856838603330704
제주특별자치도 서귀포시,39020,24467,167238,0.14630048194788267
